Timestamp (us),W,X,Y,Z
3323234609,-0.091804,-0.018580,0.016178,0.995594
3323254667,-0.091782,-0.018553,0.016166,0.995597
3323274726,-0.091743,-0.018540,0.016134,0.995602
3323294783,-0.091692,-0.018544,0.016134,0.995606
3323314841,-0.091684,-0.018545,0.016112,0.995607
3323334899,-0.091649,-0.018539,0.016125,0.995610
3323354959,-0.091598,-0.018527,0.016160,0.995615
3323375017,-0.091563,-0.018535,0.016177,0.995618
3323395078,-0.091526,-0.018549,0.016198,0.995620
3323415133,-0.091495,-0.018543,0.016184,0.995624
3323435190,-0.091472,-0.018522,0.016164,0.995626
3323455248,-0.091504,-0.018504,0.016171,0.995623
3323475307,-0.091558,-0.018517,0.016174,0.995618
3323495365,-0.091598,-0.018531,0.016206,0.995614
3323515423,-0.091665,-0.018509,0.016198,0.995608
3323535481,-0.091700,-0.018526,0.016214,0.995604
3323555541,-0.091687,-0.018543,0.016232,0.995605
3323575598,-0.091665,-0.018544,0.016261,0.995607
3323595657,-0.091666,-0.018513,0.016273,0.995607
3323615715,-0.091729,-0.018513,0.016258,0.995601
3323635772,-0.091773,-0.018525,0.016274,0.995597
3323655830,-0.091754,-0.018513,0.016284,0.995599
3323675888,-0.091729,-0.018497,0.016279,0.995601
3323695946,-0.091701,-0.018505,0.016302,0.995603
3323716004,-0.091663,-0.018490,0.016297,0.995607
3323736062,-0.091639,-0.018508,0.016280,0.995609
3323756122,-0.091613,-0.018522,0.016290,0.995611
3323776180,-0.091593,-0.018527,0.016295,0.995613
3323796238,-0.091566,-0.018525,0.016299,0.995615
3323816297,-0.091545,-0.018538,0.016325,0.995617
3323836353,-0.091558,-0.018537,0.016313,0.995616
3323856412,-0.091645,-0.018534,0.016315,0.995608
3323876470,-0.091701,-0.018539,0.016298,0.995603
3323896528,-0.091694,-0.018546,0.016299,0.995603
3323916586,-0.091669,-0.018549,0.016286,0.995606
3323936645,-0.091658,-0.018541,0.016280,0.995607
3323956704,-0.091643,-0.018539,0.016254,0.995609
3323976762,-0.091649,-0.018539,0.016213,0.995609
3323996820,-0.091637,-0.018533,0.016173,0.995611
3324016877,-0.091602,-0.018534,0.016161,0.995614
3324036935,-0.091602,-0.018539,0.016164,0.995614
3324056993,-0.091645,-0.018495,0.016149,0.995611
3324077051,-0.091700,-0.018497,0.016161,0.995606
3324097109,-0.091668,-0.018522,0.016157,0.995608
3324117168,-0.091648,-0.018523,0.016136,0.995611
3324137227,-0.091672,-0.018521,0.016133,0.995608
3324157285,-0.091702,-0.018500,0.016115,0.995606
3324177344,-0.091751,-0.018492,0.016118,0.995602
3324197401,-0.091814,-0.018502,0.016134,0.995596
3324217458,-0.091871,-0.018508,0.016125,0.995590
3324237516,-0.091861,-0.018531,0.016121,0.995591
3324257575,-0.091845,-0.018521,0.016119,0.995593
3324277633,-0.091816,-0.018500,0.016126,0.995596
3324297690,-0.091782,-0.018483,0.016113,0.995599
3324317749,-0.091745,-0.018478,0.016119,0.995603
3324337809,-0.091754,-0.018469,0.016127,0.995602
3324357867,-0.091760,-0.018480,0.016155,0.995601
3324377925,-0.091756,-0.018463,0.016146,0.995601
3324397983,-0.091734,-0.018465,0.016140,0.995604
3324418040,-0.091469,-0.018942,0.016729,0.995609
3324438099,-0.091559,-0.019885,0.025675,0.995392
3324458156,-0.091758,-0.020313,0.029060,0.995272
3324478214,-0.091767,-0.020662,0.030527,0.995220
3324498272,-0.091704,-0.020799,0.033514,0.995127
3324518331,-0.091746,-0.020892,0.034926,0.995073
3324538390,-0.091861,-0.021015,0.035351,0.995045
3324558449,-0.091939,-0.021053,0.036241,0.995004
3324578506,-0.091903,-0.021140,0.037268,0.994968
3324598565,-0.091886,-0.021219,0.038254,0.994930
3324618622,-0.091897,-0.021348,0.039150,0.994892
3324638679,-0.091969,-0.021326,0.039440,0.994874
3324658738,-0.092067,-0.021277,0.038796,0.994891
3324678796,-0.092224,-0.021005,0.037946,0.994915
3324698854,-0.093209,-0.020321,0.038229,0.994827
3324718912,-0.098299,-0.020554,0.043692,0.994107
3324738972,-0.106406,-0.020921,0.056802,0.992601
3324759030,-0.108308,-0.011673,0.068884,0.991782
3324779088,-0.104892,0.006267,0.073306,0.991881
3324799147,-0.102440,0.025784,0.061162,0.992645
3324819202,-0.096606,0.052416,0.036873,0.993380
3324839261,-0.086905,0.090338,0.026689,0.991876
3324859319,-0.076427,0.138546,0.029497,0.987086
3324879377,-0.067871,0.188622,0.038615,0.979065
3324899436,-0.059795,0.242959,0.047758,0.967140
3324919495,-0.051806,0.296573,0.055385,0.952123
3324939553,-0.041518,0.346327,0.058860,0.935475
3324959611,-0.031002,0.392963,0.061814,0.917084
3324979670,-0.021699,0.444016,0.067576,0.893340
3324999726,-0.018573,0.482339,0.072623,0.872911
3325019785,-0.017264,0.512284,0.077262,0.855302
3325039843,-0.013613,0.540897,0.080640,0.837249
3325059901,-0.010281,0.567153,0.083599,0.819443
3325079959,-0.007617,0.592885,0.086915,0.800699
3325100017,-0.004144,0.614875,0.087222,0.783931
3325120077,0.000184,0.635435,0.088742,0.767196
3325140135,0.002158,0.655024,0.093225,0.749994
3325160193,0.001639,0.673361,0.099232,0.732788
3325180251,0.003017,0.688845,0.102470,0.717793
3325200308,0.006495,0.701051,0.103883,0.705646
3325220366,0.005124,0.710417,0.108871,0.695466
3325240424,-0.000258,0.716471,0.115832,0.688110
3325260482,-0.005003,0.719767,0.121542,0.683653
3325280541,-0.007028,0.718815,0.123098,0.684358
3325300599,-0.010154,0.712849,0.123610,0.690440
3325320659,-0.016802,0.702849,0.126491,0.699975
3325340716,-0.025020,0.689574,0.130763,0.712044
3325360775,-0.032354,0.671339,0.133737,0.728433
3325380833,-0.038631,0.647326,0.134306,0.749455
3325400889,-0.045336,0.618637,0.136152,0.772619
3325420947,-0.053092,0.585294,0.143106,0.796478
3325441006,-0.061032,0.548416,0.153811,0.819818
3325461064,-0.065786,0.504463,0.158752,0.846305
3325481122,-0.068310,0.454954,0.157962,0.873867
3325501180,-0.071300,0.404717,0.154258,0.898648
3325521239,-0.075489,0.357232,0.145810,0.919603
3325541298,-0.077466,0.315510,0.137242,0.935874
3325561356,-0.076992,0.278605,0.127805,0.948874
3325581437,-0.075517,0.242573,0.116925,0.960223
3325601471,-0.076163,0.207092,0.108310,0.969446
3325621529,-0.077222,0.174310,0.102343,0.976433
3325641587,-0.076907,0.146207,0.095479,0.981752
3325661645,-0.076074,0.116845,0.082795,0.986889
3325681704,-0.076798,0.087380,0.071674,0.990744
3325701763,-0.076654,0.064826,0.070977,0.992536
3325721821,-0.076407,0.049108,0.074982,0.993162
3325741880,-0.078534,0.034557,0.074937,0.993613
3325761937,-0.079947,0.020728,0.070069,0.994240
3325781995,-0.079339,0.010019,0.062179,0.994978
3325802053,-0.081390,0.000405,0.043757,0.995843
3325822110,-0.082031,-0.013371,0.032014,0.996148
3325842169,-0.080507,-0.013885,0.030532,0.996312
3325862227,-0.079587,-0.016120,0.029962,0.996369
3325882285,-0.078986,-0.017254,0.028531,0.996440
3325902345,-0.078711,-0.018495,0.028012,0.996454
3325922403,-0.079105,-0.016437,0.027568,0.996471
3325942461,-0.080744,-0.009795,0.027065,0.996441
3325962519,-0.082341,0.006827,0.031912,0.996192
3325982576,-0.084138,0.032600,0.039431,0.995262
3326002634,-0.086732,0.065388,0.048774,0.993009
3326022692,-0.090729,0.103701,0.058176,0.988875
3326042750,-0.094576,0.148873,0.069758,0.981973
3326062809,-0.096787,0.196040,0.083123,0.972386
3326082867,-0.096139,0.238343,0.093394,0.962014
3326102926,-0.095608,0.277770,0.099943,0.950767
3326122984,-0.095934,0.319031,0.105197,0.937120
3326143042,-0.094221,0.360803,0.108179,0.921675
3326163100,-0.089688,0.401402,0.109947,0.904980
3326183157,-0.083975,0.441002,0.111465,0.886727
3326203216,-0.079086,0.478803,0.111176,0.867397
3326223273,-0.074374,0.515390,0.110449,0.846692
3326243332,-0.068275,0.550291,0.107349,0.825371
3326263390,-0.063168,0.583102,0.105789,0.803153
3326283448,-0.060514,0.616480,0.106354,0.777961
3326303508,-0.058838,0.650548,0.108540,0.749526
3326323565,-0.053477,0.682204,0.106850,0.721501
3326343624,-0.047206,0.709604,0.104924,0.695319
3326363685,-0.042954,0.734173,0.105834,0.669468
3326383739,-0.040755,0.753950,0.108087,0.646885
3326403797,-0.037696,0.769207,0.110237,0.628483
3326423855,-0.031863,0.779347,0.110753,0.616100
3326443914,-0.026595,0.784707,0.112203,0.609246
3326463972,-0.024935,0.786214,0.116500,0.606562
3326484031,-0.025557,0.782857,0.121318,0.609924
3326504089,-0.026036,0.773076,0.124344,0.621658
3326524148,-0.027657,0.756400,0.127863,0.641084
3326544205,-0.031055,0.732908,0.132720,0.666716
3326564262,-0.036085,0.703437,0.137723,0.696528
3326584320,-0.042917,0.667487,0.146387,0.728995
3326604379,-0.046588,0.623959,0.154483,0.764778
3326624437,-0.042627,0.572872,0.150306,0.804769
3326644495,-0.030423,0.518871,0.137566,0.843308
3326664553,-0.018257,0.468626,0.115414,0.875774
3326684612,-0.010525,0.423950,0.095926,0.900665
3326704671,-0.004248,0.391023,0.080968,0.916936
3326724729,-0.000343,0.365127,0.073257,0.928202
3326744787,0.000519,0.339180,0.072499,0.938053
3326764844,-0.004957,0.300085,0.069736,0.951475
3326784902,-0.008086,0.266222,0.061398,0.962047
3326804961,-0.007929,0.232328,0.045856,0.971649
3326825019,-0.008859,0.201821,0.033948,0.978918
3326845077,-0.014559,0.172219,0.026670,0.984714
3326865135,-0.020976,0.141476,0.019527,0.989650
3326885194,-0.023919,0.116153,0.011043,0.993005
3326905252,-0.023337,0.094317,0.004918,0.995379
3326925310,-0.020801,0.074467,-0.001540,0.997127
3326945369,-0.018085,0.054830,-0.009852,0.998405
3326965426,-0.016317,0.039379,-0.011755,0.999144
3326985484,-0.014131,0.029152,-0.006002,0.999579
3327005542,-0.012145,0.020588,-0.000237,0.999836
3327025600,-0.010633,0.011013,0.002754,1.000001
3327045658,-0.009304,-0.000220,0.004120,1.000070
3327065716,-0.008452,-0.011610,0.006459,0.999998
3327085776,-0.007567,-0.020130,0.013757,0.999796
3327105834,-0.007325,-0.026954,0.019758,0.999536
3327125892,-0.008235,-0.028799,0.015889,0.999547
3327145950,-0.006297,-0.029370,0.023036,0.999405
3327166007,-0.005368,-0.027977,0.026880,0.999354
3327186065,-0.004475,-0.029246,0.027708,0.999300
3327206123,-0.003766,-0.029892,0.027979,0.999276
3327226181,-0.003290,-0.030130,0.027650,0.999280
3327246239,-0.002792,-0.030354,0.026845,0.999296
3327266298,-0.002492,-0.030754,0.026412,0.999297
3327286357,-0.003384,-0.031413,0.026731,0.999265
3327306415,-0.004647,-0.029163,0.027545,0.999306
3327326473,-0.004143,-0.022154,0.031230,0.999380
3327346553,-0.003126,-0.013131,0.032991,0.999486
3327366588,-0.001775,-0.001206,0.034362,0.999529
3327386646,0.002352,0.016105,0.038020,0.999266
3327406705,0.004674,0.036040,0.038620,0.998715
3327426763,0.008813,0.057766,0.039778,0.997620
3327446822,0.010158,0.079157,0.042021,0.996046
3327466881,0.008346,0.098746,0.043367,0.994255
3327486939,0.006311,0.118574,0.043474,0.992096
3327506997,0.003403,0.136753,0.044383,0.989727
3327527055,0.000557,0.151264,0.045723,0.987558
3327547112,-0.002012,0.164165,0.043863,0.985579
3327567170,-0.005239,0.170298,0.040269,0.984679
3327587228,-0.009326,0.174175,0.038609,0.984037
3327607286,-0.015923,0.176538,0.037704,0.983566
3327627345,-0.024149,0.178602,0.035265,0.983117
3327647403,-0.031544,0.182269,0.032337,0.982334
3327667462,-0.040239,0.185005,0.027856,0.981642
3327687521,-0.050019,0.185636,0.024464,0.981164
3327707579,-0.060683,0.183654,0.020027,0.981036
3327727637,-0.070112,0.180045,0.016116,0.981148
3327747694,-0.079508,0.175884,0.017991,0.981154
3327767752,-0.088714,0.169984,0.025247,0.981245
3327787810,-0.098949,0.160139,0.030657,0.981768
3327807869,-0.109426,0.148941,0.033287,0.982333
3327827926,-0.118804,0.136673,0.037089,0.982890
3327847985,-0.127858,0.122932,0.040037,0.983453
3327868044,-0.135057,0.106946,0.038184,0.984433
3327888102,-0.141406,0.091889,0.034338,0.985203
3327908161,-0.145954,0.078218,0.033804,0.985738
3327928219,-0.148570,0.065518,0.035937,0.986198
3327948275,-0.147766,0.055444,0.034284,0.986995
3327968333,-0.145437,0.046498,0.033601,0.987826
3327988391,-0.141875,0.039034,0.043572,0.988278
3328008450,-0.139577,0.034107,0.054297,0.988256
3328028508,-0.136430,0.025400,0.059645,0.988649
3328048566,-0.129943,0.022468,0.061010,0.989510
3328068625,-0.122060,0.022722,0.061486,0.990479
3328088684,-0.117634,0.021310,0.059972,0.991138
3328108742,-0.115249,0.019423,0.057260,0.991617
3328128800,-0.112866,0.018436,0.055591,0.992005
3328148857,-0.111543,0.015361,0.054414,0.992272
3328168915,-0.109147,-0.000598,0.051498,0.992813
3328188973,-0.109750,-0.016180,0.029110,0.993524
3328209031,-0.107400,-0.014459,0.018947,0.994052
3328229089,-0.106142,-0.013802,0.015472,0.994257
3328249147,-0.105394,-0.013722,0.013011,0.994373
3328269207,-0.105073,-0.013727,0.011086,0.994430
3328289265,-0.104727,-0.013791,0.010561,0.994472
3328309323,-0.103891,-0.013495,0.010405,0.994565
3328329381,-0.103296,-0.013351,0.010103,0.994632
3328349438,-0.103030,-0.013121,0.009581,0.994668
3328369497,-0.102814,-0.012793,0.009136,0.994699
3328389554,-0.102625,-0.012482,0.008790,0.994725
3328409613,-0.103123,-0.012344,0.008577,0.994677
3328429671,-0.105187,-0.012447,0.007956,0.994465
3328449730,-0.107808,-0.011658,0.006932,0.994201
3328469788,-0.111340,-0.008512,0.004562,0.993858
3328489847,-0.115601,-0.001322,0.001371,0.993416
3328509905,-0.119950,0.011023,-0.000481,0.992841
3328529962,-0.122872,0.024158,0.001491,0.992250
3328550020,-0.124023,0.038310,0.008215,0.991628
3328570078,-0.120965,0.051926,0.013188,0.991333
3328590136,-0.116726,0.067889,0.010376,0.990909
3328610194,-0.112069,0.083296,0.002047,0.990324
3328630252,-0.108228,0.097027,-0.005036,0.989490
3328650312,-0.104254,0.111515,-0.008348,0.988367
3328670370,-0.097814,0.125975,-0.012849,0.987239
3328690437,-0.092305,0.140178,-0.021662,0.985700
3328710486,-0.087031,0.153895,-0.029496,0.983929
3328730543,-0.081861,0.166929,-0.033122,0.982130
3328750601,-0.077530,0.178487,-0.035496,0.980365
3328770659,-0.074198,0.187992,-0.039779,0.978680
3328790717,-0.071225,0.196384,-0.046449,0.976957
3328810775,-0.066315,0.205905,-0.049575,0.975188
3328830834,-0.061656,0.208764,-0.048592,0.974935
3328850893,-0.057174,0.211473,-0.045762,0.974761
3328870952,-0.053540,0.211434,-0.043106,0.975097
3328891010,-0.049359,0.208746,-0.042139,0.975939
3328911068,-0.043522,0.202423,-0.041642,0.977568
3328931125,-0.037890,0.189404,-0.040789,0.980444
3328951183,-0.034276,0.173738,-0.038107,0.983581
3328971241,-0.029900,0.161108,-0.037749,0.985884
3328991299,-0.024067,0.150167,-0.035952,0.987837
3329011358,-0.017353,0.134454,-0.030663,0.990416
3329031415,-0.011318,0.115534,-0.024727,0.993054
3329051475,-0.005969,0.098999,-0.022111,0.994946
3329071533,0.000360,0.084988,-0.021166,0.996279
3329091591,0.007357,0.071676,-0.020248,0.997317
3329111649,0.012047,0.058831,-0.016983,0.998173
3329131706,0.014564,0.046646,-0.014997,0.998814
3329151764,0.017626,0.034908,-0.022495,0.999104
3329171823,0.020552,0.025032,-0.033148,0.999047
3329191881,0.020979,0.021062,-0.035620,0.999045
3329211939,0.022396,0.016103,-0.030921,0.999263
3329231997,0.021977,-0.002278,-0.027728,0.999493
3329252057,0.023496,-0.012350,-0.029115,0.999345
3329272115,0.024953,-0.024463,-0.029213,0.999084
3329292173,0.025269,-0.034092,-0.027851,0.998833
3329312230,0.023699,-0.044084,-0.026717,0.998511
3329332288,0.022583,-0.052118,-0.024604,0.998204
3329352346,0.022665,-0.059942,-0.021223,0.997841
3329372404,0.022371,-0.069339,-0.019391,0.997276
3329392462,0.022331,-0.076366,-0.016604,0.996813
3329412520,0.026597,-0.058958,0.001295,0.998027
3329432580,0.029055,-0.054240,0.011715,0.998158
3329452638,0.030887,-0.047715,0.018231,0.998339
3329472696,0.031874,-0.043847,0.020503,0.998441
3329492754,0.033103,-0.040215,0.022855,0.998503
3329512811,0.034145,-0.036573,0.025649,0.998540
3329532869,0.034943,-0.034296,0.027725,0.998538
3329552928,0.035563,-0.033099,0.028619,0.998531
3329572985,0.036099,-0.032124,0.028991,0.998533
3329593044,0.036523,-0.031527,0.029222,0.998530
3329613102,0.036938,-0.031145,0.029427,0.998520
3329633161,0.037319,-0.030882,0.029722,0.998506
3329653220,0.037472,-0.030686,0.030014,0.998497
3329673278,0.037455,-0.030621,0.029720,0.998509
3329693336,0.037116,-0.031208,0.028262,0.998545
3329713392,0.036123,-0.035583,0.021629,0.998601
3329733450,0.033156,-0.038478,0.004215,0.998822
3329753509,0.034218,-0.031004,-0.006625,0.999033
3329773567,0.035184,-0.013521,-0.009738,0.999364
3329793625,0.036492,0.007808,-0.010205,0.999373
3329813683,0.037490,0.029830,-0.012807,0.998891
3329833743,0.037597,0.052658,-0.017572,0.997872
3329853801,0.036497,0.076392,-0.020951,0.996311
3329873859,0.034608,0.101272,-0.024468,0.994078
3329893917,0.031010,0.129513,-0.031063,0.990729
3329913974,0.028354,0.145224,-0.037509,0.988404
3329934032,0.026687,0.161230,-0.044336,0.985683
3329954090,0.021784,0.175125,-0.051176,0.983098
3329974148,0.015421,0.184667,-0.056245,0.981193
3329994206,0.008278,0.193736,-0.059742,0.979322
3330014264,0.001946,0.205129,-0.064226,0.976748
3330034324,-0.005632,0.211908,-0.070255,0.974870
3330054382,-0.014914,0.215861,-0.074605,0.973580
3330074440,-0.025952,0.219697,-0.075458,0.972424
3330094511,-0.038650,0.222156,-0.076360,0.971373
3330114556,-0.050963,0.219513,-0.075850,0.971446
3330134614,-0.063641,0.211968,-0.072560,0.972624
3330154672,-0.077624,0.201819,-0.069108,0.974018
3330174730,-0.090902,0.190293,-0.065899,0.975411
3330194788,-0.103029,0.178671,-0.061269,0.976704
3330214847,-0.113977,0.168314,-0.054981,0.977701
3330234906,-0.123111,0.160448,-0.049574,0.978205
3330254964,-0.129523,0.151485,-0.044323,0.979058
3330275022,-0.135920,0.141615,-0.038225,0.979925
3330295079,-0.142289,0.130020,-0.034285,0.980773
3330315137,-0.147417,0.119066,-0.032112,0.981480
3330335195,-0.150734,0.107917,-0.028500,0.982377
3330355253,-0.154104,0.096055,-0.020976,0.983275
3330375311,-0.158091,0.078971,-0.015279,0.984267
3330395369,-0.161918,0.062672,-0.012909,0.984851
3330415429,-0.162814,0.051368,-0.008158,0.985408
3330435487,-0.162376,0.041034,0.000219,0.985999
3330455545,-0.163067,0.029092,0.004882,0.986297
3330475603,-0.163787,0.019691,0.005615,0.986406
3330495660,-0.162759,0.013451,0.008431,0.986661
3330515718,-0.161792,0.007063,0.014254,0.986820
3330535776,-0.162906,0.001118,0.017781,0.986604
3330555834,-0.163018,-0.009654,0.020103,0.986494
3330575893,-0.162759,-0.016140,0.024596,0.986350
3330595951,-0.163280,-0.023925,0.029943,0.985958
3330616010,-0.164676,-0.032158,0.029245,0.985513
3330636068,-0.168584,-0.023534,0.012597,0.985449
3330656127,-0.166213,-0.025474,0.015546,0.985762
3330676185,-0.166773,-0.024611,0.014898,0.985699
3330696241,-0.166936,-0.024382,0.013460,0.985698
3330716299,-0.167013,-0.023114,0.010194,0.985754
3330736357,-0.166723,-0.021598,0.007679,0.985861
3330756415,-0.166293,-0.020484,0.005974,0.985969
3330776474,-0.166164,-0.019339,0.004958,0.986019
3330796532,-0.166013,-0.018540,0.004351,0.986063
3330816591,-0.165961,-0.018180,0.003829,0.986081
3330836650,-0.165885,-0.018113,0.003424,0.986096
3330856708,-0.165853,-0.018277,0.002722,0.986101
3330876766,-0.165904,-0.018558,0.001154,0.986090
3330896822,-0.167273,-0.018141,-0.002281,0.985864
3330916881,-0.171576,-0.019439,-0.010207,0.985050
3330936939,-0.176297,-0.018284,-0.016269,0.984156
3330956997,-0.178469,-0.012467,-0.016307,0.983855
3330977055,-0.180005,-0.001379,-0.012502,0.983709
3330997114,-0.183094,0.013230,-0.004988,0.983118
3331017173,-0.185870,0.028343,0.002703,0.982286
3331037231,-0.189274,0.043845,0.008391,0.981033
3331057289,-0.192995,0.060456,0.013952,0.979360
3331077346,-0.196215,0.076937,0.022053,0.977414
3331097404,-0.199188,0.092121,0.028855,0.975320
3331117462,-0.200432,0.106474,0.030982,0.973537
3331137520,-0.199319,0.119866,0.028045,0.972297
3331157578,-0.197561,0.132974,0.025376,0.971024
3331177636,-0.194485,0.146853,0.022819,0.969707
3331197696,-0.189613,0.159623,0.018486,0.968746
3331217754,-0.182743,0.172755,0.012848,0.967904
3331237812,-0.173684,0.186607,0.009079,0.967043
3331257870,-0.164275,0.202337,0.006190,0.965546
3331277927,-0.154720,0.215184,0.006129,0.964346
3331297985,-0.145299,0.224485,0.008665,0.963672
3331318043,-0.136319,0.232053,0.009507,0.963183
3331338101,-0.125467,0.236203,0.006068,0.963677
3331358159,-0.111002,0.235242,-0.003486,0.965697
3331378218,-0.095272,0.228071,-0.014767,0.968985
3331398277,-0.082193,0.218819,-0.018592,0.972245
3331418335,-0.069721,0.210410,-0.017956,0.975083
3331438393,-0.054802,0.199602,-0.017601,0.978310
3331458451,-0.038738,0.184613,-0.021419,0.981938
3331478508,-0.024067,0.167490,-0.024776,0.985392
3331498566,-0.011621,0.152563,-0.023915,0.988059
3331518625,-0.000504,0.140210,-0.020575,0.990031
3331538683,0.010739,0.128961,-0.020508,0.991502
3331558740,0.021148,0.115082,-0.022540,0.992997
3331578799,0.028528,0.100232,-0.022861,0.994415
3331598859,0.033140,0.088292,-0.021908,0.995424
3331618916,0.036828,0.078846,-0.021879,0.996088
3331638974,0.040232,0.062495,-0.018733,0.997180
3331659033,0.042031,0.047772,-0.016758,0.997955
3331679089,0.042534,0.030834,-0.018299,0.998573
3331699147,0.044258,0.011793,-0.022923,0.998809
3331719205,0.045510,-0.002228,-0.029592,0.998645
3331739264,0.046659,-0.013261,-0.033494,0.998383
3331759323,0.046710,-0.024526,-0.033457,0.998169
3331779380,0.046493,-0.037402,-0.031941,0.997829
3331799440,0.045754,-0.047854,-0.030531,0.997461
3331819498,0.045023,-0.057950,-0.029695,0.996984
3331839556,0.043127,-0.064267,-0.030762,0.996648
3331859612,0.042325,-0.061805,-0.025762,0.996980
3331879671,0.044551,-0.040267,0.006971,0.998293
3331899729,0.045184,-0.034528,0.018699,0.998329
3331919787,0.044380,-0.032994,0.020382,0.998384
3331939846,0.044638,-0.031870,0.020437,0.998407
3331959903,0.044947,-0.030922,0.020826,0.998415
3331979963,0.045355,-0.029678,0.022095,0.998407
3332000021,0.045854,-0.028677,0.023086,0.998391
3332020079,0.046240,-0.028286,0.023618,0.998372
3332040138,0.046226,-0.028296,0.024030,0.998363
3332060194,0.045439,-0.028674,0.024562,0.998375
3332080252,0.044673,-0.029025,0.025123,0.998386
3332100310,0.044351,-0.029303,0.025840,0.998374
3332120368,0.044040,-0.029862,0.025860,0.998370
3332140426,0.044092,-0.032182,0.023163,0.998362
3332160485,0.043466,-0.033865,0.021258,0.998376
3332180544,0.042657,-0.035798,0.013407,0.998480
3332200602,0.042707,-0.040655,0.003142,0.998377
3332220660,0.043214,-0.042297,-0.000756,0.998292
3332240718,0.044199,-0.041102,0.000003,0.998299
3332260775,0.044229,-0.040602,0.000490,0.998318
3332280833,0.044937,-0.039780,0.001038,0.998319
3332300891,0.045674,-0.039211,0.001888,0.998307
3332320949,0.046078,-0.038835,0.001649,0.998303
3332341007,0.046594,-0.038096,0.001237,0.998308
3332361066,0.046994,-0.037131,0.001475,0.998326
3332381131,0.047478,-0.036247,0.001685,0.998335
3332401183,0.048178,-0.035487,0.001909,0.998328
3332421241,0.048908,-0.034973,0.001957,0.998311
3332441299,0.049388,-0.034634,0.002141,0.998298
3332461356,0.049976,-0.034094,0.001957,0.998288
3332481414,0.050393,-0.033657,0.002028,0.998282
3332501472,0.050648,-0.033279,0.002111,0.998281
3332521531,0.050823,-0.033037,0.002252,0.998280
3332541588,0.050997,-0.032879,0.002441,0.998276
3332561647,0.051144,-0.032681,0.002519,0.998275
3332581706,0.051361,-0.032588,0.002648,0.998267
3332601764,0.051559,-0.032504,0.002713,0.998259
3332621822,0.051774,-0.032461,0.002652,0.998249
3332641879,0.051988,-0.032482,0.002637,0.998238
3332661937,0.052163,-0.032477,0.002601,0.998229
3332681996,0.052358,-0.032513,0.002598,0.998217
3332702053,0.052573,-0.032503,0.002607,0.998206
3332722111,0.052748,-0.032409,0.002639,0.998200
3332742169,0.052888,-0.032341,0.002643,0.998195
3332762229,0.053087,-0.032206,0.002673,0.998189
3332782287,0.053364,-0.032072,0.002743,0.998178
3332802345,0.053609,-0.032008,0.002800,0.998167
3332822403,0.053876,-0.031869,0.002841,0.998157
3332842460,0.054105,-0.031808,0.002835,0.998146
3332862518,0.054275,-0.031699,0.002890,0.998140
3332882576,0.054410,-0.031624,0.002958,0.998135
3332902634,0.054553,-0.031558,0.002954,0.998129
3332922692,0.054730,-0.031522,0.003013,0.998121
3332942750,0.054854,-0.031461,0.003027,0.998116
3332962810,0.054984,-0.031404,0.003020,0.998111
3332982868,0.055198,-0.031336,0.003015,0.998101
3333002926,0.055354,-0.031241,0.003050,0.998095
3333022984,0.055436,-0.031217,0.003041,0.998091
3333043041,0.055529,-0.031151,0.003019,0.998088
3333063099,0.055755,-0.031029,0.003014,0.998080
3333083157,0.055967,-0.030950,0.002987,0.998070
3333103215,0.056185,-0.030884,0.002994,0.998060
3333123274,0.056422,-0.030828,0.003082,0.998048
3333143332,0.056642,-0.030791,0.003060,0.998037
3333163391,0.056767,-0.030738,0.003061,0.998031
3333183449,0.056898,-0.030673,0.003046,0.998026
3333203507,0.057107,-0.030636,0.003037,0.998015
3333223565,0.057293,-0.030608,0.003049,0.998005
3333243622,0.057461,-0.030537,0.003045,0.997998
3333263680,0.057639,-0.030493,0.003072,0.997989
3333283738,0.057743,-0.030388,0.003110,0.997986
3333303796,0.057948,-0.030357,0.003170,0.997975
3333323855,0.058150,-0.030286,0.003193,0.997965
3333343914,0.058318,-0.030261,0.003203,0.997956
3333363972,0.058434,-0.030184,0.003227,0.997952
3333384030,0.058575,-0.030124,0.003215,0.997945
3333404088,0.058777,-0.030107,0.003271,0.997934
3333424145,0.058967,-0.030078,0.003315,0.997923
3333444203,0.059159,-0.030053,0.003336,0.997912
3333464261,0.059339,-0.029995,0.003345,0.997903
3333484319,0.059507,-0.029941,0.003339,0.997895
3333504377,0.059675,-0.029934,0.003366,0.997885
3333524435,0.059860,-0.029889,0.003393,0.997875
3333544495,0.059986,-0.029858,0.003423,0.997869
3333564553,0.060101,-0.029796,0.003424,0.997864
3333584611,0.060212,-0.029773,0.003449,0.997857
3333604669,0.060272,-0.029713,0.003438,0.997856
3333624726,0.060378,-0.029665,0.003465,0.997851
3333644784,0.060543,-0.029634,0.003475,0.997841
3333664842,0.060756,-0.029574,0.003518,0.997830
3333684900,0.060984,-0.029552,0.003553,0.997817
3333704958,0.061252,-0.029464,0.003565,0.997803
3333725016,0.061545,-0.029420,0.003574,0.997786
3333745076,0.061733,-0.029392,0.003592,0.997775
3333765134,0.061908,-0.029335,0.003573,0.997766
3333785192,0.062078,-0.029301,0.003597,0.997757
3333805250,0.062232,-0.029259,0.003624,0.997748
3333825307,0.062371,-0.029220,0.003644,0.997740
3333845365,0.062415,-0.029203,0.003634,0.997738
3333865423,0.062461,-0.029192,0.003664,0.997736
3333885481,0.062565,-0.029156,0.003648,0.997730
3333905539,0.062721,-0.029112,0.003663,0.997722
3333925597,0.062844,-0.029117,0.003678,0.997714
3333945656,0.062916,-0.029098,0.003661,0.997710
3333965714,0.062999,-0.029093,0.003653,0.997705
3333985773,0.063141,-0.029070,0.003654,0.997696
3334005851,0.063284,-0.028975,0.003641,0.997690
3334025888,0.063405,-0.028938,0.003654,0.997683
3334045945,0.063490,-0.028916,0.003659,0.997679
3334066004,0.063578,-0.028879,0.003680,0.997674
3334086062,0.063636,-0.028868,0.003694,0.997671
3334106120,0.063692,-0.028849,0.003713,0.997667
3334126179,0.063653,-0.028811,0.003735,0.997671
